id;full_name;car;ratings
1;Darrelle Buckwell;Hyundai;DISLIKE
2;Tilda Ivantyev;Plymouth;NEUTRAL
3;Adelaide Richold;Honda;NEUTRAL
4;Kiele Follacaro;Hummer;DISLIKE
5;Padriac Neissen;Hyundai;LOVE
6;Hatty Castagnaro;Geo;LIKE
7;Bastian Orrow;Mazda;LOVE
8;Alvera Moralee;Volvo;LIKE
9;Gawen O'Cannon;Infiniti;DISLIKE
10;Mira Boagey;Acura;NEUTRAL
11;Brant Duligal;Mitsubishi;HATE
12;Christa Candish;Mitsubishi;LIKE
13;Devon Rumbold;Geo;DISLIKE
14;Brodie Custance;Chrysler;DISLIKE
15;Jania Silversmid;Honda;DISLIKE
16;Lise Moralas;Pontiac;LIKE
17;Jen Klink;Mitsubishi;HATE
18;Lanie Tankin;Jeep;HATE
19;Pepi Earlam;Lotus;HATE
20;Brod Persehouse;Subaru;DISLIKE
21;Perkin Kuhndel;Buick;HATE
22;Kat Rupert;Nissan;LOVE
23;Sylvan MacKintosh;Oldsmobile;HATE
24;Jock McKiernan;Honda;DISLIKE
25;Pavia Ivimey;Mercury;HATE
26;Thea Raigatt;Buick;LOVE
27;Wes Brownjohn;Lincoln;NEUTRAL
28;Shelagh Matusov;Mitsubishi;DISLIKE
29;Dilly Lidden;Ford;LIKE
30;Amery Scryne;Pontiac;NEUTRAL
31;Ashlie Luxford;Cadillac;DISLIKE
32;Ernesta McCafferky;Volkswagen;HATE
33;Harriott De Matteis;GMC;NEUTRAL
34;Peri Cliffe;Plymouth;DISLIKE
35;Nyssa McGarrahan;Mercedes-Benz;DISLIKE
36;Lottie Romanin;GMC;LOVE
37;Glad Streak;Infiniti;HATE
38;Salvatore Mathew;Nissan;DISLIKE
39;Benji Luckie;Mazda;HATE
40;Shirline Ayrs;Jaguar;HATE
41;Meir Abbie;Chevrolet;LIKE
42;Giustina Le Friec;Mercury;LOVE
43;Rossy Laborde;Land Rover;LOVE
44;Allyn Abels;Ford;DISLIKE
45;Jens Boodell;Oldsmobile;DISLIKE
46;Julio Ferreo;Chrysler;LOVE
47;Isabelita Foskett;Honda;LOVE
48;Ruby Petruszka;Mercedes-Benz;LIKE
49;Noemi Blaylock;Bentley;LOVE
50;Daniel Danielkiewicz;Toyota;HATE
51;Celisse Wisedale;Pontiac;NEUTRAL
52;Dorena Ector;Audi;LOVE
53;Jarrod Readshaw;Mercury;DISLIKE
54;Harris Zold;Chevrolet;HATE
55;Willy Dennerly;Alfa Romeo;NEUTRAL
56;Florida Greasley;Saturn;HATE
57;Artemas Trunkfield;Toyota;LOVE
58;Daron Haestier;Mercedes-Benz;LOVE
59;Jourdain Guillain;Toyota;DISLIKE
60;Coriss Deniske;Chrysler;HATE
61;Roth Bowich;Ford;HATE
62;Clementius Pleasants;Toyota;HATE
63;Germana Rodenhurst;Toyota;NEUTRAL
64;Antony Leads;Pontiac;HATE
65;Nannette Etoile;Mazda;LOVE
66;Kaylyn Acres;Chevrolet;HATE
67;Peg Ligoe;Nissan;LIKE
68;Bondy Welfair;Nissan;LOVE
69;Laurens Sallter;Mitsubishi;HATE
70;Egbert Breewood;Jeep;HATE
71;Silva Giraux;Mercedes-Benz;HATE
72;Bartel Clubley;Subaru;LIKE
73;Benedict Archley;Acura;NEUTRAL
74;Chandal Beavington;Buick;NEUTRAL
75;Gipsy Kuhlen;Volvo;DISLIKE
76;Kevin Lapley;Volkswagen;LOVE
77;Nerti Chatt;Audi;NEUTRAL
78;Jeniece McIlvenny;Volvo;LOVE
79;Shadow Mewburn;Mercedes-Benz;NEUTRAL
80;Sandra Burmaster;Honda;NEUTRAL
81;Vasily Daunter;Honda;LOVE
82;Florry Tapley;Ford;LIKE
83;Bartlet Stroton;BMW;LOVE
84;Barbie Tilberry;Ford;NEUTRAL
85;Ranna Scandrett;GMC;LIKE
86;Aubrey Diviney;Dodge;HATE
87;Vinnie Fookes;Infiniti;NEUTRAL
88;Gregorius Burston;Acura;LOVE
89;Clarinda Pallesen;Buick;DISLIKE
90;Michal Demelt;Mazda;LOVE
91;Natale Hylden;Kia;DISLIKE
92;Asa Stitfall;Chevrolet;LOVE
93;Florian Crossfeld;Ford;LOVE
94;Clyve Jahn;Chevrolet;LIKE
95;Gordy Totton;Isuzu;LOVE
96;Kip Mabbitt;Ford;LOVE
97;Lyn Bain;Lamborghini;HATE
98;Aggi Letson;Acura;HATE
99;Genny Dutnell;Audi;LOVE
100;Sylvan Purton;Lotus;NEUTRAL
101;Mathew Hector;Mercedes-Benz;LIKE
102;Rowan Suero;Volkswagen;DISLIKE
103;Ester Shimmin;Hyundai;DISLIKE
104;Allie Kennedy;Audi;DISLIKE
105;Loralee Willans;Toyota;DISLIKE
106;Ingram Argyle;Kia;NEUTRAL
107;Daffi Forker;Audi;DISLIKE
108;Ibby Waller;Mitsubishi;DISLIKE
109;Lonnie Hindrich;Saturn;LIKE
110;Coop Bainbrigge;Dodge;DISLIKE
111;Henka Ewbanke;Volkswagen;NEUTRAL
112;Shawna Pidgley;Toyota;NEUTRAL
113;Rollo Sharrocks;Subaru;DISLIKE
114;Bria Buterton;Lexus;DISLIKE
115;Galen Dabner;Nissan;NEUTRAL
116;Susann Mitkcov;Kia;HATE
117;Ray Ironmonger;Saturn;LOVE
118;Benjy Reihm;BMW;HATE
119;Bernetta Biford;Hyundai;LOVE
120;Roberto Spikings;Pontiac;LIKE
121;Bayard Gorman;BMW;LIKE
122;Josey Whitsey;Saturn;HATE
123;Marylinda Tuckwood;Mercury;DISLIKE
124;Lavinia Burnand;Pontiac;HATE
125;Zachary Counter;Chevrolet;NEUTRAL
126;Elberta Hadenton;Mazda;DISLIKE
127;Rhianon Rasor;Maserati;LOVE
128;Agnola Thurlow;Nissan;DISLIKE
129;Madalena Alpes;Ford;HATE
130;Eamon Tollit;Ford;LOVE
131;Eilis Ellison;Porsche;DISLIKE
132;Hally Dooler;GMC;LOVE
133;Eirena Woodfine;Acura;DISLIKE
134;Inglebert Duckham;Honda;LIKE
135;Jamey Keable;Mercury;DISLIKE
136;Pinchas de Cullip;Chevrolet;NEUTRAL
137;Phillipe Danett;Mercury;NEUTRAL
138;Catarina Bourchier;Buick;DISLIKE
139;Cami Stileman;Nissan;NEUTRAL
140;Rita Franiak;Cadillac;DISLIKE
141;Lorant Creddon;Audi;LIKE
142;Hestia Fishlee;Ford;HATE
143;Ulrick Kinsman;BMW;LOVE
144;Abraham Battyll;Mitsubishi;LOVE
145;Buiron Casa;Hyundai;HATE
146;Darrell Bondar;Aston Martin;LIKE
147;Deloria Fryman;Suzuki;DISLIKE
148;Glen Mainson;Mitsubishi;DISLIKE
149;Brooke Malyj;Chrysler;NEUTRAL
150;Davy Cicerone;Mazda;HATE
151;Karel Dalling;Chrysler;NEUTRAL
152;Arnie Rodder;Pontiac;DISLIKE
153;Ted Fielden;Pontiac;LOVE
154;Terrel Godfroy;Mitsubishi;LIKE
155;Carma Deely;Toyota;NEUTRAL
156;Brunhilde Deeson;Bentley;DISLIKE
157;Brennen Keilloh;BMW;NEUTRAL
158;Luce Bettesworth;GMC;LOVE
159;Thane Cowmeadow;Isuzu;HATE
160;Bevon MacCallion;Chevrolet;HATE
161;Peterus Consterdine;Ford;LIKE
162;Cam McGinty;Saab;HATE
163;Anna Stallan;Audi;LOVE
164;Oliver Cessford;Mercedes-Benz;DISLIKE
165;Mindy Lippitt;Cadillac;HATE
166;Marmaduke Dusting;Audi;DISLIKE
167;Seka Samsworth;Ford;HATE
168;Graham Khomin;Chevrolet;NEUTRAL
169;Mayer Drewes;BMW;DISLIKE
170;Aaren Kinsey;Toyota;LIKE
171;Candace Burdell;Honda;DISLIKE
172;Hallsy Hatchell;Buick;HATE
173;Gray Hackleton;Pontiac;DISLIKE
174;Amory Speller;Mercedes-Benz;NEUTRAL
175;Lock Addess;Lincoln;LOVE
176;Kelli Matthieson;Hyundai;LIKE
177;Dalila Sellick;Kia;HATE
178;Chane Lydall;Saab;LOVE
179;Seamus Creaven;Ford;HATE
180;Virgil Ketcher;Mazda;LIKE
181;Walt Gales;Ford;HATE
182;Nat Spaven;Mazda;HATE
183;Justin Blaine;Buick;LIKE
184;Concordia Dunks;Toyota;LOVE
185;Vanda Side;Lincoln;LOVE
186;Nikolai Humerstone;Porsche;LIKE
187;Sybila Duthy;Cadillac;NEUTRAL
188;Asia Teece;Chevrolet;DISLIKE
189;Webb Leschelle;Audi;DISLIKE
190;Marissa Berresford;Hyundai;LIKE
191;Alair Dockrell;Aston Martin;LOVE
192;Jacques Dicty;Toyota;LIKE
193;Rina Porker;Lincoln;NEUTRAL
194;Kassia Douche;Lincoln;HATE
195;Mead Western;Porsche;LOVE
196;Aubree Getten;Plymouth;LOVE
197;Lorenza Poynor;Ferrari;LIKE
198;Egbert Keedwell;Ferrari;NEUTRAL
199;Jeannie Scrivinor;Cadillac;DISLIKE
200;Lonna Mearing;BMW;LIKE
201;Andreas Shillaber;Nissan;DISLIKE
202;Purcell Forber;Land Rover;LOVE
203;Cobby Sheriff;Jeep;LOVE
204;Des Barby;Volvo;LIKE
205;Germana Groundwater;Scion;LIKE
206;Colas Wallas;Ford;DISLIKE
207;Lefty Massimi;Lexus;LIKE
208;Carlyle Capener;Porsche;NEUTRAL
209;Burg Lifsey;Chrysler;DISLIKE
210;Ambrose Newbury;Porsche;DISLIKE
211;Neron Breacher;Mercedes-Benz;NEUTRAL
212;Ibrahim Iglesia;Ford;DISLIKE
213;Joella Krzyzaniak;Volvo;NEUTRAL
214;Izaak Chaddock;Chevrolet;LOVE
215;Collen Woller;Pontiac;LIKE
216;Jamie Elcom;Hyundai;LOVE
217;Gaspard Kynston;Mitsubishi;LOVE
218;Flemming Battersby;Toyota;NEUTRAL
219;Christabel Duberry;Kia;LOVE
220;Christopher Breckon;Plymouth;LIKE
221;Jarad Burfitt;Cadillac;NEUTRAL
222;Pearline Corringham;Mercedes-Benz;LOVE
223;Jarrad Caudell;Dodge;LIKE
224;Susann Shird;Maybach;HATE
225;Sebastian Lourenco;Pontiac;HATE
226;Benn Bryce;Lexus;HATE
227;Uriel Trowl;Chevrolet;DISLIKE
228;Ange Edwin;Mercedes-Benz;LIKE
229;Carlyn Lewisham;BMW;NEUTRAL
230;Tirrell Melmeth;Dodge;DISLIKE
231;Alfred Slaughter;Suzuki;NEUTRAL
232;Torin Reubbens;Volkswagen;LIKE
233;Rhianna Lyddy;Subaru;NEUTRAL
234;Gilberta Skocroft;Chevrolet;DISLIKE
235;Ealasaid Franzman;Toyota;LIKE
236;Izak Cassimer;GMC;LOVE
237;Jarvis Youthead;GMC;HATE
238;Salmon Sigart;Lexus;NEUTRAL
239;Ludvig Rheam;GMC;DISLIKE
240;Darwin McCarver;Honda;LIKE
241;Ki Hunton;Land Rover;LOVE
242;Dareen Highwood;Hyundai;DISLIKE
243;Pearline Rossbrooke;Volvo;NEUTRAL
244;Levey Giacovazzo;Cadillac;LOVE
245;Graham Chimes;Dodge;NEUTRAL
246;Jeffry Cotmore;Chevrolet;LIKE
247;Heida Jirasek;Oldsmobile;LIKE
248;Zebulon Pullan;Nissan;LIKE
249;Britta Ham;Cadillac;LIKE
250;Zena Nutbeem;Cadillac;DISLIKE
251;Hesther Blackway;Mitsubishi;DISLIKE
252;Sybille Kernaghan;Chevrolet;HATE
253;Daryl Shackel;Land Rover;LOVE
254;Hadley Sergant;Hyundai;LOVE
255;Verine Cray;Ford;NEUTRAL
256;Kenna Obee;Toyota;LOVE
257;Skippy Mityakov;Ford;HATE
258;Rutger Reames;Mitsubishi;NEUTRAL
259;Manda Cattell;Jaguar;HATE
260;Kerrill Pharoah;GMC;NEUTRAL
261;Lancelot Brackenridge;Porsche;HATE
262;Ameline Barends;Chevrolet;DISLIKE
263;Desirae Ivashkin;Chevrolet;NEUTRAL
264;Irvine Jennaway;Oldsmobile;LOVE
265;Nathaniel Slimon;Audi;LIKE
266;Alys Grund;GMC;NEUTRAL
267;Lucina Piaggia;Pontiac;LOVE
268;Bessie Churchman;Oldsmobile;DISLIKE
269;Barri Glastonbury;Mercedes-Benz;LIKE
270;Kandy Linforth;Audi;DISLIKE
271;Winny Minot;Dodge;LOVE
272;Franky O'Cahey;GMC;LOVE
273;Helga Whitaker;Ford;HATE
274;Gaston Carthy;Suzuki;LOVE
275;Birgit Gabb;Chevrolet;LIKE
276;Clovis Pietzker;Lexus;LIKE
277;Hildegarde Meadmore;Lotus;LOVE
278;Bink Stych;Ferrari;HATE
279;Alonso Downer;Ford;DISLIKE
280;Ivar Lucock;Cadillac;HATE
281;Griffy Nobbs;Saab;LIKE
282;Veronika Trevains;Chevrolet;LIKE
283;Enos McGettigan;Mitsubishi;DISLIKE
284;Florie Stodit;Jaguar;HATE
285;Danni Lillyman;Volkswagen;NEUTRAL
286;Maressa Dilleway;Ford;LIKE
287;Glennie Willsmore;Saab;NEUTRAL
288;Neddy Wilfing;Isuzu;DISLIKE
289;Ezekiel Tolley;Subaru;LIKE
290;Tobye Van Niekerk;Land Rover;NEUTRAL
291;Ilaire Glanvill;Toyota;NEUTRAL
292;Myranda Kuhnel;Mazda;NEUTRAL
293;Inessa Addams;Maserati;DISLIKE
294;Roda Kirvell;Cadillac;DISLIKE
295;Rebekkah Glasspool;Mercedes-Benz;DISLIKE
296;Elladine Bryant;Nissan;DISLIKE
297;Marysa Bolgar;Pontiac;LOVE
298;Angus Mathes;Aston Martin;HATE
299;Tomi Kenen;Chevrolet;DISLIKE
300;Lari Baggally;Mercedes-Benz;HATE
301;Sax Trudgian;Land Rover;DISLIKE
302;Nalani Prise;Volkswagen;NEUTRAL
303;Madison McGarrity;Chevrolet;LOVE
304;Reid Mazzey;Pontiac;HATE
305;Marie-jeanne Nealand;Kia;HATE
306;Hamil Radford;Isuzu;DISLIKE
307;Waverley Rose;Lincoln;NEUTRAL
308;Morley Jillis;Mitsubishi;DISLIKE
309;Laurene Pruvost;Chrysler;HATE
310;Armando Vermer;Hyundai;NEUTRAL
311;Tadeas Boddis;Chevrolet;DISLIKE
312;Thekla Dollimore;Infiniti;LIKE
313;Lindsay Yaknov;Dodge;NEUTRAL
314;Nye Fenton;Chevrolet;DISLIKE
315;Gretta Larratt;Jaguar;LOVE
316;Dallas Flaws;Nissan;LOVE
317;Ives Eminson;Hummer;NEUTRAL
318;Sheff Dewar;Suzuki;NEUTRAL
319;Tuckie Jowling;Cadillac;DISLIKE
320;Rurik Belk;Mazda;LOVE
321;Hamnet Matis;Land Rover;NEUTRAL
322;Olly Morteo;Chevrolet;DISLIKE
323;Zaccaria Peto;Volvo;LOVE
324;Elberta Carefull;Dodge;NEUTRAL
325;Maribel MacCorkell;Audi;LOVE
326;Jobie Cockerill;Peugeot;LIKE
327;Freddy Corbert;Toyota;HATE
328;Mallorie Sher;Volvo;HATE
329;Zeke Spinnace;Volkswagen;HATE
330;Alexandre Pratt;Volkswagen;HATE
331;Uriel Brace;Saturn;HATE
332;Hermie Pengelley;Audi;LOVE
333;Cosimo Semarke;Mazda;DISLIKE
334;Kalle Extall;Chevrolet;LIKE
335;Janie Di Frisco;Kia;LOVE
336;Carey Neat;Saturn;NEUTRAL
337;Lem Aldington;Mazda;LOVE
338;Grayce Yuille;Hyundai;NEUTRAL
339;Boone Roset;Pontiac;DISLIKE
340;Andrea Brimham;Ford;LOVE
341;Willy Skeldinge;Chevrolet;DISLIKE
342;Kayley Boutell;Chevrolet;LIKE
343;Fernando Couvet;Ford;HATE
344;Maximo Dyball;Volkswagen;HATE
345;Welbie Pranger;Mazda;DISLIKE
346;Ulla Ivins;Mitsubishi;NEUTRAL
347;Uri Course;GMC;NEUTRAL
348;Sam Belhome;Mercedes-Benz;LOVE
349;Sada Betteney;Honda;LIKE
350;Cordy Frankel;BMW;HATE
351;Haleigh Tibald;Buick;NEUTRAL
352;Iormina Ricards;Pontiac;HATE
353;Elmo Corre;Kia;LIKE
354;Leonid Bagworth;Cadillac;DISLIKE
355;Melisenda Clouston;Hyundai;DISLIKE
356;Tome Firebrace;GMC;LIKE
357;Cristy Biset;Volvo;LOVE
358;Markus Zavattiero;Ford;LOVE
359;Steffie Daventry;GMC;LIKE
360;Jacquelyn Elsworth;Ford;NEUTRAL
361;Brigit Pelcheur;Cadillac;LIKE
362;Currie Opdenort;Buick;NEUTRAL
363;Dania Elson;Buick;LOVE
364;Dex Braunton;Dodge;NEUTRAL
365;Brody Marsden;Porsche;DISLIKE
366;Antonietta Wharf;Honda;LOVE
367;Emelda Welbeck;Oldsmobile;LIKE
368;Iggy Blandamore;BMW;DISLIKE
369;Pietra Leverich;Ford;NEUTRAL
370;Claudio Bellefonte;Toyota;NEUTRAL
371;Moritz Weald;Scion;LIKE
372;Thelma Ruben;Buick;LOVE
373;Joey Sedgman;Honda;LIKE
374;Lynn Eyrl;Volkswagen;HATE
375;Olivie Brangan;Kia;DISLIKE
376;Dyanne Mordie;BMW;LOVE
377;Katerine Courtenay;Mitsubishi;HATE
378;Sada Demoge;Infiniti;NEUTRAL
379;Padgett Gohn;BMW;LOVE
380;Jerrie Ginity;Chevrolet;LOVE
381;Avigdor Jecock;Subaru;HATE
382;Ced Meaton;Mazda;HATE
383;Tibold Tolworthie;Saab;HATE
384;Osbourn Bunnell;Land Rover;LIKE
385;Burtie Eck;Acura;LIKE
386;Putnem Pedler;Mitsubishi;DISLIKE
387;Anitra Bramont;Mercedes-Benz;HATE
388;Trenton Exeter;GMC;LOVE
389;Justin Goforth;Saturn;HATE
390;Ephraim Bradock;Acura;NEUTRAL
391;Caitlin Downing;Suzuki;LOVE
392;Maximo Fforde;Pontiac;LIKE
393;Theodor McGeaney;Ford;DISLIKE
394;Baryram Stowers;Cadillac;DISLIKE
395;Nanice Mityushkin;Chevrolet;LOVE
396;Marys Moxley;Hyundai;NEUTRAL
397;Mercedes Mephan;Volkswagen;NEUTRAL
398;Timotheus Rohan;Ford;DISLIKE
399;Wendie Stickens;Chevrolet;LIKE
400;Samuel Vigar;BMW;LOVE
401;Garvin Lembcke;Dodge;HATE
402;Minda Goodburn;Lexus;DISLIKE
403;Eimile Hebden;Kia;DISLIKE
404;Justina MacCarlich;Dodge;DISLIKE
405;Rollins McAvin;Acura;NEUTRAL
406;Kerry Crosio;Cadillac;HATE
407;Jocelyne Pressland;Mazda;DISLIKE
408;Roshelle Eallis;Ford;HATE
409;Clea Goodisson;Porsche;LOVE
410;Edita Levi;Infiniti;NEUTRAL
411;Dom Frosch;Nissan;HATE
412;Stanley Asals;GMC;LOVE
413;Blancha Nuscha;BMW;LIKE
414;Homer Sibson;Pontiac;NEUTRAL
415;Karia Portail;GMC;LOVE
416;Myer Ewbanke;GMC;LOVE
417;Sigismundo Thurlbourne;Mitsubishi;NEUTRAL
418;Karel Mowles;Dodge;LIKE
419;Arabelle Sedgemond;Kia;LIKE
420;Dominik Scholtz;Toyota;LIKE
421;Andros Spivey;Lexus;NEUTRAL
422;Basilio Stammers;Mitsubishi;LOVE
423;Ulrika Igonet;Volkswagen;LOVE
424;Chrissy Dzenisenka;Dodge;NEUTRAL
425;Magnum Ready;Isuzu;LIKE
426;Renae Sutterfield;Ford;LOVE
427;Hewett Aldersea;BMW;DISLIKE
428;Wendy Frankton;Acura;LIKE
429;Vita Philippeaux;Acura;LOVE
430;Humberto Midghall;Rolls-Royce;LOVE
431;Sibelle Bambrough;Honda;NEUTRAL
432;Chilton Hrishchenko;Land Rover;HATE
433;Lay Diver;Acura;DISLIKE
434;Pacorro Gheeorghie;Acura;DISLIKE
435;Gonzalo Johnes;Nissan;DISLIKE
436;Hanson Eckery;GMC;HATE
437;Rodney Bish;Chevrolet;HATE
438;Roderick Alekseicik;Mercury;LIKE
439;Edna Duffet;Audi;HATE
440;Grant Garahan;Dodge;DISLIKE
441;Shaylynn Abells;Mazda;HATE
442;Giacomo Roden;Geo;DISLIKE
443;Zacherie Hundall;Jeep;LOVE
444;Nettle Seyler;Chevrolet;NEUTRAL
445;Etienne Quilliam;Plymouth;NEUTRAL
446;Devonne Mongain;Lincoln;NEUTRAL
447;Celinka Roddell;Chevrolet;LIKE
448;Wylie Varndell;Toyota;NEUTRAL
449;Mavra Hallard;Chevrolet;LIKE
450;Denny Groves;Acura;NEUTRAL
451;Lemmie Maddigan;Toyota;DISLIKE
452;Bradley Phayre;Lexus;NEUTRAL
453;Rudiger Dudeney;GMC;LIKE
454;Barde Cardenas;Volvo;HATE
455;Gayle Stannett;Lexus;HATE
456;Thacher McCay;Aston Martin;HATE
457;Norah Kilalea;GMC;DISLIKE
458;Kelci Wickens;GMC;LIKE
459;Mathilda Raise;Nissan;DISLIKE
460;Matt Buttriss;Tesla;HATE
461;Sinclare Quilty;Mercedes-Benz;NEUTRAL
462;Phaedra Graveney;BMW;NEUTRAL
463;Jacinta Du Pre;Chevrolet;LIKE
464;Jannelle McGillicuddy;Jaguar;DISLIKE
465;Ambros Arton;Chevrolet;NEUTRAL
466;Hendrik Dybald;Dodge;LIKE
467;Jillane Revens;GMC;LIKE
468;Kerwin Hayball;Mitsubishi;NEUTRAL
469;Berenice Bellringer;Dodge;NEUTRAL
470;Ulrick Stigger;BMW;HATE
471;Geraldine Morit;Hyundai;NEUTRAL
472;Prentice Woods;Porsche;DISLIKE
473;Domini Redsell;Jaguar;LOVE
474;Gussi Westbrook;Hyundai;NEUTRAL
475;Cal Gowan;Suzuki;LOVE
476;Nadean Nuttey;Volkswagen;NEUTRAL
477;Iago Frickey;Daewoo;DISLIKE
478;Shermy Lindenblatt;Toyota;NEUTRAL
479;Goldina Rothery;Mercury;NEUTRAL
480;Wake Ferminger;Pontiac;DISLIKE
481;Fritz Pimlock;GMC;LIKE
482;Ermina Aish;Mercury;LOVE
483;Arlen Mellows;Lotus;LOVE
484;Berti Presser;Saab;HATE
485;Bartel Aberkirder;Acura;NEUTRAL
486;Norry Summerlie;Toyota;HATE
487;Vic Astle;Mazda;LIKE
488;Miranda Denis;Volvo;NEUTRAL
489;Adolf Attersoll;Toyota;DISLIKE
490;Edwin Musto;Ford;HATE
491;Sammy Swinn;GMC;LOVE
492;Alie Rubbens;Volkswagen;LIKE
493;Filmore Gollard;Chrysler;HATE
494;Orrin Hanniger;Acura;LIKE
495;Luciano Lowy;Lexus;HATE
496;Nicolette Rosenauer;Subaru;HATE
497;Bronny Bodimeade;Lincoln;HATE
498;Jenilee Burriss;Lexus;HATE
499;Marci Moogan;Nissan;HATE
500;Levey McCleverty;Pontiac;LOVE
501;Chrissy Balderson;Nissan;HATE
502;Lilllie Menelaws;Dodge;DISLIKE
503;Moria Gobolos;Lincoln;LIKE
504;Geneva Tryme;BMW;DISLIKE
505;Odilia Jansens;Mitsubishi;DISLIKE
506;Cosmo Dablin;Ferrari;LIKE
507;Roddie Shellard;Honda;HATE
508;Artemis Ghirardi;Volkswagen;HATE
509;Nonie Burgis;GMC;LIKE
510;Brody Scholte;Ford;LOVE
511;Anna Slimmon;BMW;HATE
512;Brian Nutbeam;Chevrolet;NEUTRAL
513;Lamar Grassick;Chevrolet;HATE
514;Pattie Beddow;Subaru;NEUTRAL
515;Angelia Germann;Lexus;LIKE
516;Dody Cale;Lincoln;LIKE
517;Mortie Offa;Dodge;DISLIKE
518;Asher Beauchamp;Chevrolet;NEUTRAL
519;Tito Saiger;Chevrolet;LIKE
520;Beniamino Bernardotte;Pontiac;NEUTRAL
521;Cecily Christauffour;Oldsmobile;NEUTRAL
522;Emiline Osler;Bentley;DISLIKE
523;Nev Prew;Buick;LOVE
524;Catherina Hussey;Hummer;HATE
525;Dilly Coleman;Toyota;LIKE
526;Ari Pycock;Toyota;DISLIKE
527;Dugald Yousef;Infiniti;LOVE
528;Kareem Kimbury;Ford;LIKE
529;Jasmin O'Keenan;Land Rover;DISLIKE
530;Mareah Hamer;Ford;DISLIKE
531;Iago Ciccarelli;Ford;NEUTRAL
532;Judi Quennell;Cadillac;LIKE
533;Hynda Sawer;Maserati;LIKE
534;Olivier Jewer;Mazda;LOVE
535;Aimee Torra;Ford;DISLIKE
536;Koressa Puckett;Bentley;NEUTRAL
537;Willem Aikenhead;Mazda;DISLIKE
538;Clyve Ransom;Mercury;NEUTRAL
539;Hoebart Congram;Nissan;HATE
540;Fidole MacKegg;Toyota;LIKE
541;Laetitia Vreiberg;Kia;DISLIKE
542;Lucius Colthard;Volvo;HATE
543;Daryle Pfiffer;Ford;LIKE
544;Reagen Clibbery;Subaru;HATE
545;Daune Kinavan;Ford;DISLIKE
546;Eduardo Tybalt;Ford;DISLIKE
547;Randee Filewood;Mitsubishi;LOVE
548;Coriss Volett;Dodge;HATE
549;Uriel Twittey;Nissan;DISLIKE
550;Jammal Geikie;BMW;LIKE
551;Monica Fidgeon;Volvo;LOVE
552;Brendis Boland;Nissan;LOVE
553;Piper Perrelle;Cadillac;HATE
554;Sindee Flancinbaum;Mitsubishi;LOVE
555;Ella Avramovich;Pontiac;LIKE
556;Grange Brafield;Mercedes-Benz;HATE
557;Damien Favell;Lexus;LOVE
558;Haily Parlett;GMC;LIKE
559;Sammy Margrie;Volvo;NEUTRAL
560;Maxie Dilrew;Isuzu;LOVE
561;Darb Taillant;Ford;NEUTRAL
562;Zelig Duffrie;Dodge;LIKE
563;Madlen Bockmann;Ford;LOVE
564;Raffaello Fitchew;Honda;DISLIKE
565;Lilias Simper;Toyota;LIKE
566;Lothaire Sapir;Audi;LOVE
567;Trisha Keam;Lincoln;LOVE
568;Kermy Whittle;BMW;HATE
569;Stacey Fothergill;Mazda;NEUTRAL
570;Dell Mellish;Saturn;LOVE
571;Bernadene Linggard;Mercury;NEUTRAL
572;Lynne Mizen;Pontiac;LOVE
573;Luther Loftus;Honda;LOVE
574;Judy Philbrook;Buick;DISLIKE
575;Roby Gasker;Ford;NEUTRAL
576;Lexy Pim;Hyundai;HATE
577;Kerstin Huish;Chevrolet;LOVE
578;Bronny Rudledge;Dodge;LOVE
579;Yolanda Brugger;Lotus;LIKE
580;Georges Mayhead;BMW;LIKE
581;Gaston Owenson;Mitsubishi;LOVE
582;Charlene Crimes;Audi;LOVE
583;Smitty Orys;Honda;HATE
584;Leslie Pauli;GMC;LIKE
585;Spencer Jeavons;Audi;NEUTRAL
586;Shari Wedgwood;Lincoln;LOVE
587;Curt Ibbeson;Ford;NEUTRAL
588;Conway Couch;Ford;NEUTRAL
589;Francesca Whitehead;Chrysler;LIKE
590;Aile Bywaters;Honda;DISLIKE
591;Eugen Dallan;Volkswagen;LOVE
592;Lev Eykelbosch;Pontiac;NEUTRAL
593;Adora Charnock;Infiniti;DISLIKE
594;Saraann Lovatt;GMC;NEUTRAL
595;Shepherd Castelli;Isuzu;HATE
596;Derward Foggo;Subaru;HATE
597;Roobbie Eilhermann;BMW;NEUTRAL
598;Otto Stucksbury;Audi;LOVE
599;Hetti Penson;Cadillac;NEUTRAL
600;Carmen Muckersie;Pontiac;HATE
601;Filippa Sand;Cadillac;LOVE
602;Ban Denney;Maserati;HATE
603;Roz Gee;Mazda;DISLIKE
604;Cornela Mayoral;Dodge;LIKE
605;Amandy Tomaini;Hyundai;LOVE
606;Bent Syred;Chevrolet;LIKE
607;Leora Cassels;Porsche;LOVE
608;Ase Lannen;Mazda;DISLIKE
609;Dynah MacKettrick;Land Rover;NEUTRAL
610;Rebeka Dominetti;Chrysler;NEUTRAL
611;Astrix Bray;Mitsubishi;LIKE
612;Cassaundra Biasioli;Geo;HATE
613;Arthur Daintith;Buick;HATE
614;Olimpia Bonnick;Mitsubishi;LIKE
615;Reggie Drinkhall;Chevrolet;DISLIKE
616;Tammi McIlwrick;Chrysler;DISLIKE
617;Darell Laird-Craig;Chevrolet;NEUTRAL
618;Carma Hainsworth;Mitsubishi;LIKE
619;Kalina Abramovitch;Acura;LIKE
620;Shayna Attwill;Toyota;LIKE
621;Webster Brunroth;Mazda;NEUTRAL
622;Jacinta Mouan;Ford;DISLIKE
623;Ginny Liell;Nissan;LIKE
624;Kelly Klugel;Ford;LIKE
625;Jacqueline Peasey;Ford;DISLIKE
626;Perry Middlemiss;Audi;DISLIKE
627;Akim Belmont;Mercedes-Benz;NEUTRAL
628;Lonnie Brinsden;Chevrolet;LOVE
629;Livvie Hawford;Buick;HATE
630;Taddeusz Roussel;Pontiac;LOVE
631;Devina Watters;Audi;DISLIKE
632;Alfreda Oglesbee;Toyota;HATE
633;Briggs Every;Land Rover;LOVE
634;Tallie Grocott;Mitsubishi;LIKE
635;Cammie Gumbley;Audi;LOVE
636;Somerset Lerwill;Buick;HATE
637;Gardner Lanphier;Lincoln;HATE
638;Peria Barney;Isuzu;NEUTRAL
639;Ban MacDermot;Saab;LOVE
640;Andres Rosenau;Dodge;HATE
641;Llewellyn Brandon;Lincoln;HATE
642;Seka Comoletti;Mitsubishi;LIKE
643;Hamish Sampson;Toyota;HATE
644;Cindie Greber;MINI;NEUTRAL
645;Prent O'Cuddie;BMW;NEUTRAL
646;Haskell Dahlgren;Lexus;LIKE
647;Axe Battey;GMC;HATE
648;Kristan Boggas;Mercedes-Benz;LOVE
649;Minta Bilby;Ford;DISLIKE
650;Myrle Lindeboom;Mercedes-Benz;HATE
651;Rania Tolhurst;Toyota;LIKE
652;Chrysa Swinnard;Aston Martin;LIKE
653;Rupert Shevell;Volvo;NEUTRAL
654;Augustine Treven;Chrysler;NEUTRAL
655;Casandra Rhead;Chevrolet;LOVE
656;Fulvia Dei;Volkswagen;LOVE
657;Teresa Bonnier;Honda;NEUTRAL
658;Everett Kainz;Hyundai;HATE
659;Torey Narbett;Nissan;HATE
660;Dougie McElory;Subaru;LIKE
661;Loella Coulsen;Mercedes-Benz;HATE
662;Loree Rollo;Dodge;HATE
663;Bruno Southwell;Chrysler;HATE
664;Cory Dodell;Nissan;NEUTRAL
665;Merridie Radmore;Mercury;NEUTRAL
666;Goraud Cogswell;Hyundai;LOVE
667;Missy Batteson;Acura;HATE
668;Norris Petrazzi;Subaru;HATE
669;Jourdain Vankov;Honda;DISLIKE
670;Flori Crufts;Volkswagen;DISLIKE
671;Ema Gladtbach;Mazda;LOVE
672;Jacquie Baldung;Land Rover;LIKE
673;Shellie Philipps;Subaru;NEUTRAL
674;Cordelia Bachanski;Lamborghini;LIKE
675;Jacinta Longthorn;Ford;NEUTRAL
676;Hewett Yurygyn;Toyota;NEUTRAL
677;Travis D'Orsay;BMW;NEUTRAL
678;Edith Yellowlees;Mercedes-Benz;LIKE
679;Sherwynd Forman;Toyota;LIKE
680;Horten Bagworth;Nissan;NEUTRAL
681;Jules Hinksen;Ford;DISLIKE
682;Timmie Ryall;GMC;LOVE
683;Lay Congrave;GMC;NEUTRAL
684;Shannon Chesher;Ford;LIKE
685;Gilberto Allin;Nissan;DISLIKE
686;Merci Damiral;Dodge;HATE
687;Myra Dreher;Ford;LOVE
688;Eryn Pidduck;Chevrolet;NEUTRAL
689;Sofie Ambrozewicz;Ford;NEUTRAL
690;Tibold Quigg;Mazda;HATE
691;Rafe Soldner;Mitsubishi;DISLIKE
692;Jock Crownshaw;Subaru;HATE
693;Leonora Fairbourn;Chevrolet;LOVE
694;Hinda Cressingham;Dodge;LOVE
695;Herc Groll;Volkswagen;LIKE
696;Neil Thorrold;Pontiac;NEUTRAL
697;Candis Whittenbury;Cadillac;LOVE
698;Orelle Rubinchik;Lamborghini;LOVE
699;Reynolds Keeri;BMW;NEUTRAL
700;Kaylyn Lemmertz;Volvo;LIKE
701;Quinn Mandy;Subaru;LOVE
702;Krishna Geere;Maybach;DISLIKE
703;Sayre Edlin;Hyundai;LIKE
704;Burg Steynor;Mazda;LIKE
705;Merilee Wheelan;Lexus;LIKE
706;Doug Corinton;Ford;DISLIKE
707;Ilka Buckie;Mercedes-Benz;LOVE
708;Gretchen Cossell;Mitsubishi;HATE
709;Lonnard Peto;Alfa Romeo;LIKE
710;Jo-anne Kleingrub;Jeep;DISLIKE
711;Jameson Calderhead;Mitsubishi;NEUTRAL
712;Aldus Laye;Hyundai;HATE
713;Merna Walne;Hyundai;NEUTRAL
714;Currey Jeanenet;Mazda;HATE
715;Dianna Pacher;Honda;LOVE
716;Fergus Robardley;Honda;DISLIKE
717;Duke MacEnelly;Mercury;LIKE
718;Eleen Edelheid;Volkswagen;LOVE
719;Myranda Ettritch;GMC;LIKE
720;Dulciana Mengue;Hyundai;LOVE
721;Morgun Carruthers;Mercedes-Benz;NEUTRAL
722;Ada Konneke;Mercedes-Benz;HATE
723;Colene Giraudeau;Volkswagen;LOVE
724;Isiahi Fernyhough;Honda;LOVE
725;Rosanne Kirsche;Jeep;LOVE
726;Tammie Sagg;Mercedes-Benz;LIKE
727;Mordy Peirone;Ford;LIKE
728;Tiertza Chatres;Ford;NEUTRAL
729;Mauricio Brumwell;Dodge;DISLIKE
730;Twyla Carneck;Spyker;HATE
731;Kenneth Castanone;Porsche;DISLIKE
732;Marrissa Lydster;Chevrolet;NEUTRAL
733;Nicolina Donisi;GMC;NEUTRAL
734;Marco Anderbrugge;Mercedes-Benz;LOVE
735;Gael Spurgeon;GMC;LIKE
736;Elyn Titmuss;Cadillac;HATE
737;Jerrine Olliffe;Porsche;LOVE
738;Andromache Salkild;Honda;DISLIKE
739;Kienan Tomes;BMW;LIKE
740;Lexy Glitherow;Toyota;HATE
741;Milo Domino;Lexus;LIKE
742;Janean Hourigan;Geo;LOVE
743;Mirella Dechelle;Pontiac;LOVE
744;Lawrence Pache;Chrysler;HATE
745;Brittne Wortley;Chevrolet;DISLIKE
746;Raychel Crosson;Volkswagen;NEUTRAL
747;Jaquelyn Mulqueen;Mitsubishi;LIKE
748;Ernesto Torricina;Kia;DISLIKE
749;Marget Cuardall;GMC;NEUTRAL
750;Rockwell Sempill;Mercedes-Benz;LOVE
751;Saunderson Stroyan;Acura;HATE
752;Arvin Jehan;Pontiac;HATE
753;Harold Birmingham;Buick;DISLIKE
754;Cthrine Klimko;Mazda;HATE
755;Trixy Matterdace;Kia;NEUTRAL
756;Ari Hurnell;Buick;NEUTRAL
757;Seamus Pover;Acura;LOVE
758;Fayre Allmann;Suzuki;LOVE
759;Otho MacMorland;Volkswagen;LIKE
760;Rey Bourtoumieux;Volvo;LIKE
761;Aube Du Hamel;Pontiac;NEUTRAL
762;Aubine Grishkov;Ford;NEUTRAL
763;Boot McCumesky;GMC;LIKE
764;Bonnee Myrick;Mercury;LOVE
765;Aigneis Passfield;Volkswagen;HATE
766;Forbes McGannon;Dodge;LIKE
767;Edee Kenion;Pontiac;DISLIKE
768;Artie Lisle;Audi;LIKE
769;Lurlene Heales;Chevrolet;DISLIKE
770;Alejandra Fludgate;Pontiac;DISLIKE
771;Thurston Bigadike;Volkswagen;NEUTRAL
772;Emlynn Wedderburn;Toyota;DISLIKE
773;Vonny Beccles;Volkswagen;LOVE
774;Kelley Gerriessen;Acura;HATE
775;Daphne Magowan;Mercedes-Benz;HATE
776;Rosemarie Cansdill;Ford;HATE
777;Aloysius Bramah;Mitsubishi;LIKE
778;Onofredo Sneesbie;Ford;DISLIKE
779;Norby Basile;Dodge;HATE
780;Annadiane McGerraghty;GMC;LIKE
781;Boone Medlicott;Ford;LOVE
782;Rudolph Malzard;Porsche;HATE
783;Natala O'Hone;Mitsubishi;NEUTRAL
784;Emmey Davenhill;Oldsmobile;NEUTRAL
785;Buffy Smallpeice;Volkswagen;LOVE
786;Vere Turbefield;Mercedes-Benz;DISLIKE
787;Ajay Tetther;Pontiac;LIKE
788;Ysabel Ashe;Ford;LOVE
789;Gustavus Lewens;Tesla;DISLIKE
790;Markos MacMurray;Volkswagen;DISLIKE
791;Jermaine Hungerford;BMW;LIKE
792;Lorena Henaughan;Chevrolet;HATE
793;Valeria Bewlie;GMC;NEUTRAL
794;Carole Ivasechko;Chevrolet;NEUTRAL
795;Geoffry Spyer;Mazda;NEUTRAL
796;Jocelin Wait;BMW;LOVE
797;Kirsti Gress;Dodge;NEUTRAL
798;Julee Wollaston;Volkswagen;LIKE
799;Abbey Mechem;Chevrolet;DISLIKE
800;Towney Langston;Plymouth;LIKE
801;Melitta Munton;Audi;NEUTRAL
802;Maddi Crop;Volvo;LOVE
803;Natividad Scrane;Lincoln;DISLIKE
804;Griffie Bertomieu;Audi;LIKE
805;Tucky Barry;Scion;LIKE
806;Davin Baldcock;Porsche;LIKE
807;Lockwood Spurling;Honda;NEUTRAL
808;Simmonds Dallaghan;Volkswagen;NEUTRAL
809;Lane Fahy;Mitsubishi;DISLIKE
810;Tine Walker;Dodge;DISLIKE
811;Beltran Tutill;Honda;LIKE
812;Renato Andrysiak;Land Rover;LIKE
813;Barrie Tonepohl;Toyota;HATE
814;Sal Berkley;GMC;DISLIKE
815;Tarah Janjic;GMC;DISLIKE
816;Lonnard Spinley;Pontiac;HATE
817;Valene Kenaway;Ford;NEUTRAL
818;Wandie Ripley;Jaguar;NEUTRAL
819;Yolanthe Casserley;Volkswagen;LOVE
820;Onofredo Cowden;Mazda;DISLIKE
821;Carina Collingham;Mazda;DISLIKE
822;Schuyler Lewtey;Eagle;LOVE
823;Wyndham Lauret;Dodge;HATE
824;Rees McNutt;Bentley;HATE
825;Celeste Townson;Lexus;LIKE
826;Emanuel Yukhnev;Pontiac;HATE
827;Louisa Turmell;Dodge;NEUTRAL
828;Susannah Ogborne;BMW;HATE
829;Angelo Cayford;Dodge;LIKE
830;Demetre Yakobovitz;MINI;LIKE
831;Karee Birdall;Toyota;DISLIKE
832;Tanner Clapshaw;Pontiac;NEUTRAL
833;Sheff Papis;Mercury;DISLIKE
834;Roberto Godley;Mercedes-Benz;NEUTRAL
835;Godfrey Cornish;Buick;LIKE
836;Aloysia Eggle;Kia;HATE
837;Kristofor Collen;Mazda;LIKE
838;Gertruda Sergean;Mazda;DISLIKE
839;Obed Szantho;Shelby;LOVE
840;Nada O'Loghlen;Mitsubishi;LOVE
841;Alasdair McClurg;Volvo;NEUTRAL
842;Ambrosi Robun;GMC;NEUTRAL
843;Trish Nannoni;Saab;NEUTRAL
844;Dorian Brookz;Ford;LOVE
845;Veronike Karmel;BMW;LOVE
846;Cam Biskupiak;Lincoln;NEUTRAL
847;Rudolfo Kidder;Ford;LIKE
848;Lindsay McAuliffe;Ford;LIKE
849;Daryl Morrill;Mitsubishi;HATE
850;Rabbi Springham;Lexus;NEUTRAL
851;Orazio Everist;Cadillac;DISLIKE
852;Darwin Eixenberger;Kia;NEUTRAL
853;Sergei Kighly;Toyota;LOVE
854;Ediva Klampt;GMC;LOVE
855;Quinta Spittle;Infiniti;HATE
856;Owen Sheers;Honda;HATE
857;Darby Gurnett;Suzuki;LIKE
858;Nestor Yggo;Subaru;LOVE
859;Wyatt Saenz;Infiniti;LOVE
860;Mata Townrow;Mercury;LIKE
861;Kathye Sedgebeer;Bugatti;LIKE
862;Evvy Danielski;Mitsubishi;HATE
863;Glynda Ballsdon;Rambler;DISLIKE
864;Jarrett McRuvie;Bentley;LOVE
865;Barrie Fayne;Land Rover;NEUTRAL
866;Skippie Roddie;Pontiac;DISLIKE
867;Dwight Gamlin;Hyundai;NEUTRAL
868;Faith Laban;Toyota;HATE
869;Jared Greenough;Honda;LIKE
870;Phillipe Fautly;Ford;LOVE
871;Simmonds Jobb;Mitsubishi;LOVE
872;Persis Felgate;Lincoln;DISLIKE
873;Christen Champe;Kia;HATE
874;Christoforo Zecchii;Ford;DISLIKE
875;Barclay Gerrad;Pontiac;NEUTRAL
876;Calley Goodban;Volvo;HATE
877;Morgan Sivill;BMW;DISLIKE
878;Laraine Parkes;Infiniti;NEUTRAL
879;Bobina Bazoche;Lotus;HATE
880;Osmund Hultberg;Volkswagen;HATE
881;Kristan Pattemore;Bugatti;DISLIKE
882;Kane Epperson;Dodge;LIKE
883;Kristofer Drohun;Ford;DISLIKE
884;Marilin Allmark;Mercedes-Benz;LIKE
885;Quincey Sisnett;Cadillac;DISLIKE
886;Cris Schonfeld;Ford;NEUTRAL
887;Dalston Taffurelli;Ford;DISLIKE
888;Stanford Beckley;Lincoln;DISLIKE
889;Sky Samsin;GMC;HATE
890;Sharleen Edmands;Ford;HATE
891;Wilone Toby;Chevrolet;LIKE
892;Shelley Drillingcourt;Lincoln;LIKE
893;Deerdre Aleksidze;Buick;DISLIKE
894;Yehudi Moscone;Chrysler;LIKE
895;Brian Sliman;Lincoln;NEUTRAL
896;Shane Phalip;Audi;NEUTRAL
897;Glory Jessen;Land Rover;NEUTRAL
898;Tanney Urry;Suzuki;LIKE
899;Gretta Panner;BMW;LOVE
900;Ingar Ducham;Lotus;LIKE
901;Lucian Micklewicz;Suzuki;LIKE
902;Ev Grinaway;Pontiac;LOVE
903;Albertine Harverson;GMC;LIKE
904;Tommy Winton;Buick;LOVE
905;Drusie Denzilow;Audi;NEUTRAL
906;Jerrine Swinley;Jaguar;LOVE
907;Ted Lamming;Oldsmobile;DISLIKE
908;King Tyrrell;Volvo;LOVE
909;Charles Jean;Mercedes-Benz;HATE
910;Deane Puncher;Ford;LIKE
911;Skipton Trustey;Lotus;LOVE
912;Aigneis MacCumeskey;Eagle;DISLIKE
913;Alberik Turneux;Dodge;LIKE
914;Gerhardine McCorley;Toyota;NEUTRAL
915;Babbette Jacquet;Volkswagen;HATE
916;Calvin Devonshire;Lexus;HATE
917;Brendan Lancashire;Toyota;HATE
918;Conrad Le Blanc;Jeep;LOVE
919;Brunhilde Francescone;Isuzu;HATE
920;Perceval Alldred;Volkswagen;LIKE
921;Anallise Dhennin;Chevrolet;NEUTRAL
922;Kliment Gault;Buick;LOVE
923;Eddie Junkison;Chevrolet;DISLIKE
924;Angeli Challicombe;Eagle;LIKE
925;Stanley Souley;Cadillac;DISLIKE
926;Marilyn Record;Mercury;LIKE
927;Wang Evison;Mitsubishi;LIKE
928;Alvina Oller;Plymouth;LOVE
929;Hermon Matten;Volvo;LOVE
930;Gleda Dumberell;Volkswagen;NEUTRAL
931;Penny Monkleigh;Chrysler;NEUTRAL
932;Flossie McCathy;Jaguar;DISLIKE
933;Mead Mulhill;Chevrolet;LOVE
934;Clari Humberston;Aston Martin;NEUTRAL
935;Barry Laviste;Aston Martin;LIKE
936;Guillemette Whitelock;Mercedes-Benz;LOVE
937;Bradney Levee;Ford;DISLIKE
938;Toby Kybert;Lincoln;HATE
939;Daffy Lagde;Ford;DISLIKE
940;Hew Hamson;Ford;DISLIKE
941;Bridie Ainscough;Dodge;LOVE
942;Rhea Blackburn;Chevrolet;NEUTRAL
943;Krystle Ruckhard;Mitsubishi;NEUTRAL
944;Abra Micklewicz;Nissan;LIKE
945;Danita Dreghorn;Pontiac;NEUTRAL
946;Ellsworth Clohessy;Kia;LIKE
947;Danette Witcher;Ferrari;NEUTRAL
948;Theo Marcam;Mitsubishi;NEUTRAL
949;Nicol Limeburner;Chevrolet;DISLIKE
950;Giffer Woollard;Land Rover;HATE
951;Garret Wadlow;Chevrolet;HATE
952;Juliette Guile;Ford;LOVE
953;Chev Vairow;Dodge;LIKE
954;Lauren Funnell;Ford;HATE
955;Sophi Lamacraft;Ford;DISLIKE
956;Julius McOnie;Lexus;HATE
957;Selena Colbourn;Mercedes-Benz;LIKE
958;Candida Solman;Suzuki;HATE
959;Blondelle Devonport;Lotus;NEUTRAL
960;Vitia Borthram;Chevrolet;LOVE
961;Edwina Hammerberger;Volvo;NEUTRAL
962;Murdock Matous;Lexus;LIKE
963;Gussy Briamo;Lexus;HATE
964;Gizela MacAnellye;Mazda;DISLIKE
965;Debby Stonall;Volkswagen;HATE
966;Toby Stockney;Ford;LOVE
967;Rodrique Gaskoin;Volkswagen;LOVE
968;Jaymie Greetland;Chevrolet;LIKE
969;Jeanine Booi;Audi;HATE
970;Kendell Wardingley;BMW;LIKE
971;Mallory Heavy;Scion;NEUTRAL
972;Virgil Benoit;Volkswagen;NEUTRAL
973;Nerte Edgson;Honda;DISLIKE
974;Fernande McCandless;Mitsubishi;HATE
975;Currey Checcuzzi;Plymouth;LIKE
976;Harmonie Fullagar;Mercedes-Benz;HATE
977;Felipa Robke;Dodge;DISLIKE
978;De witt De Leek;Pontiac;LIKE
979;Vernen Whitcombe;Mercedes-Benz;LIKE
980;Merralee Hardaker;Nissan;NEUTRAL
981;Winni Coast;Volkswagen;HATE
982;Rosina Gurge;Volkswagen;LOVE
983;Winni Alves;Pontiac;NEUTRAL
984;Moyna Cutbirth;Mercury;NEUTRAL
985;Pembroke Arunowicz;Lexus;NEUTRAL
986;Lavinia Deekes;Cadillac;HATE
987;Bernete Donnachie;Toyota;LOVE
988;Leonidas Snary;Pontiac;NEUTRAL
989;Gideon Gherardelli;Tesla;HATE
990;Blinnie Klagge;Pontiac;LOVE
991;Alfreda Persicke;Land Rover;HATE
992;Franciskus O'Clery;Chrysler;LIKE
993;Dallis Delagnes;Mitsubishi;DISLIKE
994;Caesar Van Dale;Volvo;LIKE
995;Dicky Wilber;Mazda;LOVE
996;Adrea Ferrea;Ford;NEUTRAL
997;Miner Piburn;Lexus;NEUTRAL
998;Quintus Shrubshall;Jeep;LOVE
999;Dexter Starton;Pontiac;DISLIKE
1000;Chico Torbeck;Ford;LOVE
